feature_index,feature_name,feature_block
1,MAGPIE.frac_sValence,composition_MAGPIE
2,MAGPIE.frac_pValence,composition_MAGPIE
3,MAGPIE.frac_dValence,composition_MAGPIE
4,MAGPIE.frac_fValence,composition_MAGPIE
5,MAGPIE.mean_Number,composition_MAGPIE
6,MAGPIE.maxdiff_Number,composition_MAGPIE
7,MAGPIE.dev_Number,composition_MAGPIE
8,MAGPIE.max_Number,composition_MAGPIE
9,MAGPIE.min_Number,composition_MAGPIE
10,MAGPIE.most_Number,composition_MAGPIE
11,MAGPIE.mean_MendeleevNumber,composition_MAGPIE
12,MAGPIE.maxdiff_MendeleevNumber,composition_MAGPIE
13,MAGPIE.dev_MendeleevNumber,composition_MAGPIE
14,MAGPIE.max_MendeleevNumber,composition_MAGPIE
15,MAGPIE.min_MendeleevNumber,composition_MAGPIE
16,MAGPIE.most_MendeleevNumber,composition_MAGPIE
17,MAGPIE.mean_AtomicWeight,composition_MAGPIE
18,MAGPIE.maxdiff_AtomicWeight,composition_MAGPIE
19,MAGPIE.dev_AtomicWeight,composition_MAGPIE
20,MAGPIE.max_AtomicWeight,composition_MAGPIE
21,MAGPIE.min_AtomicWeight,composition_MAGPIE
22,MAGPIE.most_AtomicWeight,composition_MAGPIE
23,MAGPIE.mean_Column,composition_MAGPIE
24,MAGPIE.maxdiff_Column,composition_MAGPIE
25,MAGPIE.dev_Column,composition_MAGPIE
26,MAGPIE.max_Column,composition_MAGPIE
27,MAGPIE.min_Column,composition_MAGPIE
28,MAGPIE.most_Column,composition_MAGPIE
29,MAGPIE.mean_Row,composition_MAGPIE
30,MAGPIE.maxdiff_Row,composition_MAGPIE
31,MAGPIE.dev_Row,composition_MAGPIE
32,MAGPIE.max_Row,composition_MAGPIE
33,MAGPIE.min_Row,composition_MAGPIE
34,MAGPIE.most_Row,composition_MAGPIE
35,MAGPIE.mean_CovalentRadius,composition_MAGPIE
36,MAGPIE.maxdiff_CovalentRadius,composition_MAGPIE
37,MAGPIE.dev_CovalentRadius,composition_MAGPIE
38,MAGPIE.max_CovalentRadius,composition_MAGPIE
39,MAGPIE.min_CovalentRadius,composition_MAGPIE
40,MAGPIE.most_CovalentRadius,composition_MAGPIE
41,MAGPIE.mean_NsValence,composition_MAGPIE
42,MAGPIE.maxdiff_NsValence,composition_MAGPIE
43,MAGPIE.dev_NsValence,composition_MAGPIE
44,MAGPIE.max_NsValence,composition_MAGPIE
45,MAGPIE.min_NsValence,composition_MAGPIE
46,MAGPIE.most_NsValence,composition_MAGPIE
47,MAGPIE.mean_NpValence,composition_MAGPIE
48,MAGPIE.maxdiff_NpValence,composition_MAGPIE
49,MAGPIE.dev_NpValence,composition_MAGPIE
50,MAGPIE.max_NpValence,composition_MAGPIE
51,MAGPIE.min_NpValence,composition_MAGPIE
52,MAGPIE.most_NpValence,composition_MAGPIE
53,MAGPIE.mean_NdValence,composition_MAGPIE
54,MAGPIE.maxdiff_NdValence,composition_MAGPIE
55,MAGPIE.dev_NdValence,composition_MAGPIE
56,MAGPIE.max_NdValence,composition_MAGPIE
57,MAGPIE.min_NdValence,composition_MAGPIE
58,MAGPIE.most_NdValence,composition_MAGPIE
59,MAGPIE.mean_NfValence,composition_MAGPIE
60,MAGPIE.maxdiff_NfValence,composition_MAGPIE
61,MAGPIE.dev_NfValence,composition_MAGPIE
62,MAGPIE.max_NfValence,composition_MAGPIE
63,MAGPIE.min_NfValence,composition_MAGPIE
64,MAGPIE.most_NfValence,composition_MAGPIE
65,MAGPIE.mean_NValance,composition_MAGPIE
66,MAGPIE.maxdiff_NValance,composition_MAGPIE
67,MAGPIE.dev_NValance,composition_MAGPIE
68,MAGPIE.max_NValance,composition_MAGPIE
69,MAGPIE.min_NValance,composition_MAGPIE
70,MAGPIE.most_NValance,composition_MAGPIE
71,MAGPIE.mean_NsUnfilled,composition_MAGPIE
72,MAGPIE.maxdiff_NsUnfilled,composition_MAGPIE
73,MAGPIE.dev_NsUnfilled,composition_MAGPIE
74,MAGPIE.max_NsUnfilled,composition_MAGPIE
75,MAGPIE.min_NsUnfilled,composition_MAGPIE
76,MAGPIE.most_NsUnfilled,composition_MAGPIE
77,MAGPIE.mean_NpUnfilled,composition_MAGPIE
78,MAGPIE.maxdiff_NpUnfilled,composition_MAGPIE
79,MAGPIE.dev_NpUnfilled,composition_MAGPIE
80,MAGPIE.max_NpUnfilled,composition_MAGPIE
81,MAGPIE.min_NpUnfilled,composition_MAGPIE
82,MAGPIE.most_NpUnfilled,composition_MAGPIE
83,MAGPIE.mean_NdUnfilled,composition_MAGPIE
84,MAGPIE.maxdiff_NdUnfilled,composition_MAGPIE
85,MAGPIE.dev_NdUnfilled,composition_MAGPIE
86,MAGPIE.max_NdUnfilled,composition_MAGPIE
87,MAGPIE.min_NdUnfilled,composition_MAGPIE
88,MAGPIE.most_NdUnfilled,composition_MAGPIE
89,MAGPIE.mean_NfUnfilled,composition_MAGPIE
90,MAGPIE.maxdiff_NfUnfilled,composition_MAGPIE
91,MAGPIE.dev_NfUnfilled,composition_MAGPIE
92,MAGPIE.max_NfUnfilled,composition_MAGPIE
93,MAGPIE.min_NfUnfilled,composition_MAGPIE
94,MAGPIE.most_NfUnfilled,composition_MAGPIE
95,MAGPIE.mean_NUnfilled,composition_MAGPIE
96,MAGPIE.maxdiff_NUnfilled,composition_MAGPIE
97,MAGPIE.dev_NUnfilled,composition_MAGPIE
98,MAGPIE.max_NUnfilled,composition_MAGPIE
99,MAGPIE.min_NUnfilled,composition_MAGPIE
100,MAGPIE.most_NUnfilled,composition_MAGPIE
101,MAGPIE.mean_GSvolume_pa,composition_MAGPIE
102,MAGPIE.maxdiff_GSvolume_pa,composition_MAGPIE
103,MAGPIE.dev_GSvolume_pa,composition_MAGPIE
104,MAGPIE.max_GSvolume_pa,composition_MAGPIE
105,MAGPIE.min_GSvolume_pa,composition_MAGPIE
106,MAGPIE.most_GSvolume_pa,composition_MAGPIE
107,MAGPIE.mean_GSbandgap,composition_MAGPIE
108,MAGPIE.maxdiff_GSbandgap,composition_MAGPIE
109,MAGPIE.dev_GSbandgap,composition_MAGPIE
110,MAGPIE.max_GSbandgap,composition_MAGPIE
111,MAGPIE.min_GSbandgap,composition_MAGPIE
112,MAGPIE.most_GSbandgap,composition_MAGPIE
113,MAGPIE.mean_GSmagmom,composition_MAGPIE
114,MAGPIE.maxdiff_GSmagmom,composition_MAGPIE
115,MAGPIE.dev_GSmagmom,composition_MAGPIE
116,MAGPIE.max_GSmagmom,composition_MAGPIE
117,MAGPIE.min_GSmagmom,composition_MAGPIE
118,MAGPIE.most_GSmagmom,composition_MAGPIE
119,MAGPIE.mean_SpaceGroupNumber,composition_MAGPIE
120,MAGPIE.maxdiff_SpaceGroupNumber,composition_MAGPIE
121,MAGPIE.dev_SpaceGroupNumber,composition_MAGPIE
122,MAGPIE.max_SpaceGroupNumber,composition_MAGPIE
123,MAGPIE.min_SpaceGroupNumber,composition_MAGPIE
124,MAGPIE.most_SpaceGroupNumber,composition_MAGPIE
125,MAGPIE.NComp,composition_MAGPIE
126,MAGPIE.Comp_L2Norm,composition_MAGPIE
127,MAGPIE.Comp_L3Norm,composition_MAGPIE
128,MAGPIE.Comp_L5Norm,composition_MAGPIE
129,MAGPIE.Comp_L7Norm,composition_MAGPIE
130,MAGPIE.Comp_L10Norm,composition_MAGPIE
131,MAGPIE.CanFormIonic,composition_MAGPIE
132,COND.pressure_GPa,condition_pressure_field
133,COND.magnetic_field_T,condition_pressure_field
134,COND.pressure_missing,condition_pressure_field
135,COND.magnetic_field_missing,condition_pressure_field
136,COND.is_high_pressure_gt1GPa,condition_pressure_field
137,COND.substrate_known,condition_physical_substrate
138,COND.substrate_unknown,condition_physical_substrate
139,COND.substrate_not_applicable,condition_physical_substrate
140,COND.substrate_applicable,condition_physical_substrate
141,COND.substrate_is_film_like,condition_physical_substrate
142,COND.substrate_formula_parseable,condition_physical_substrate
143,COND.substrate_PHYS.num_elements,condition_physical_substrate
144,COND.substrate_PHYS.stoich_total_atoms,condition_physical_substrate
145,COND.substrate_PHYS.stoich_entropy,condition_physical_substrate
146,COND.substrate_PHYS.oxygen_fraction,condition_physical_substrate
147,COND.substrate_PHYS.halogen_fraction,condition_physical_substrate
148,COND.substrate_PHYS.nitrogen_fraction,condition_physical_substrate
149,COND.substrate_PHYS.carbon_fraction,condition_physical_substrate
150,COND.substrate_PHYS.is_elemental,condition_physical_substrate
151,COND.substrate_PHYS.is_oxide,condition_physical_substrate
152,COND.substrate_PHYS.is_halide,condition_physical_substrate
153,COND.substrate_PHYS.is_nitride,condition_physical_substrate
154,COND.substrate_PHYS.is_carbide,condition_physical_substrate
155,COND.substrate_PHYS.is_chalcogenide,condition_physical_substrate
156,COND.substrate_PHYS.is_perovskite_abo3_like,condition_physical_substrate
157,COND.substrate_PHYS.is_elemental_metal,condition_physical_substrate
158,COND.substrate_PHYS.is_elemental_group14,condition_physical_substrate
159,COND.substrate_PHYS.MAGPIE_mean_Number,condition_physical_substrate
160,COND.substrate_PHYS.MAGPIE_mean_AtomicWeight,condition_physical_substrate
161,COND.substrate_PHYS.MAGPIE_mean_MeltingT,condition_physical_substrate
162,COND.substrate_PHYS.MAGPIE_mean_CovalentRadius,condition_physical_substrate
163,COND.substrate_PHYS.MAGPIE_mean_Electronegativity,condition_physical_substrate
164,COND.substrate_PHYS.MAGPIE_mean_GSvolume_pa,condition_physical_substrate
165,COND.substrate_PHYS.MAGPIE_mean_GSbandgap,condition_physical_substrate
166,COND.substrate_PHYS.MAGPIE_mean_SpaceGroupNumber,condition_physical_substrate
167,COND.substrate_PHYS.MAGPIE_maxdiff_CovalentRadius,condition_physical_substrate
168,COND.substrate_PHYS.MAGPIE_maxdiff_Electronegativity,condition_physical_substrate
169,COND.substrate_PHYS.MAGPIE_maxdiff_GSbandgap,condition_physical_substrate
170,COND.substrate_PHYS.MAGPIE_frac_sValence,condition_physical_substrate
171,COND.substrate_PHYS.MAGPIE_frac_pValence,condition_physical_substrate
172,COND.substrate_PHYS.MAGPIE_frac_dValence,condition_physical_substrate
173,COND.substrate_PHYS.MAGPIE_frac_fValence,condition_physical_substrate
174,COND.tc_measurement_method_midpoint,condition_measurement_method
175,COND.tc_measurement_method_onset,condition_measurement_method
176,COND.tc_measurement_method_unknown,condition_measurement_method
177,COND.tc_measurement_method_zero,condition_measurement_method
